Date,Price
2014-01-02,150.28353881835938
2014-01-03,150.25889587402344
2014-01-06,149.8234405517578
2014-01-07,150.74363708496094
2014-01-08,150.77647399902344
2014-01-09,150.87503051757812
2014-01-10,151.28585815429688
2014-01-13,149.27296447753906
2014-01-14,150.89967346191406
2014-01-15,151.7130889892578
2014-01-16,151.515869140625
2014-01-17,150.87503051757812
2014-01-21,151.31871032714844
2014-01-22,151.4173126220703
2014-01-23,150.17674255371094
2014-01-24,146.9725799560547
2014-01-27,146.24957275390625
2014-01-28,147.12045288085938
2014-01-29,145.70730590820312
2014-01-30,147.25192260742188
2014-01-31,146.38922119140625
2014-02-03,143.0946502685547
2014-02-04,144.09701538085938
2014-02-05,143.91627502441406
2014-02-06,145.8141326904297
2014-02-07,147.62159729003906
2014-02-10,147.89276123046875
2014-02-11,149.51126098632812
2014-02-12,149.58517456054688
2014-02-13,150.357421875
2014-02-14,151.18722534179688
2014-02-18,151.36802673339844
2014-02-19,150.36572265625
2014-02-20,151.25302124023438
2014-02-21,151.08047485351562
2014-02-24,151.91845703125
2014-02-25,151.86094665527344
2014-02-26,151.8691864013672
2014-02-27,152.6661376953125
2014-02-28,153.05223083496094
2014-03-03,151.97596740722656
2014-03-04,154.11209106445312
2014-03-05,154.2517852783203
2014-03-06,154.60501098632812
2014-03-07,154.6707763671875
2014-03-10,154.58860778808594
2014-03-11,153.8245391845703
2014-03-12,153.86563110351562
2014-03-13,152.1402587890625
2014-03-14,151.7130889892578
2014-03-17,153.08514404296875
2014-03-18,154.17784118652344
2014-03-19,153.3562469482422
2014-03-20,154.2517852783203
2014-03-21,153.6534423828125
2014-03-24,153.01806640625
2014-03-25,153.74423217773438
2014-03-26,152.63845825195312
2014-03-27,152.31666564941406
2014-03-28,153.06761169433594
2014-03-31,154.32191467285156
2014-04-01,155.34515380859375
2014-04-02,155.8650360107422
2014-04-03,155.65875244140625
2014-04-04,153.81854248046875
2014-04-07,152.1186065673828
2014-04-08,152.7457275390625
2014-04-09,154.38796997070312
2014-04-10,151.1448974609375
2014-04-11,149.7832489013672
2014-04-14,150.96328735351562
2014-04-15,152.00306701660156
2014-04-16,153.59576416015625
2014-04-17,153.81027221679688
2014-04-21,154.3466339111328
2014-04-22,155.048095703125
2014-04-23,154.68496704101562
2014-04-24,154.99856567382812
2014-04-25,153.72775268554688
2014-04-28,154.21461486816406
2014-04-29,154.93252563476562
2014-04-30,155.39463806152344
2014-05-01,155.4111328125
2014-05-02,155.18838500976562
2014-05-05,155.48541259765625
2014-05-06,154.132080078125
2014-05-07,155.03982543945312
2014-05-08,154.87474060058594
2014-05-09,155.10589599609375
2014-05-12,156.61599731445312
2014-05-13,156.75624084472656
2014-05-14,156.0135955810547
2014-05-15,154.64369201660156
2014-05-16,155.18016052246094
2014-05-19,155.74951171875
2014-05-20,154.76751708984375
2014-05-21,156.07131958007812
2014-05-22,156.450927734375
2014-05-23,157.07809448242188
2014-05-27,158.04360961914062
2014-05-28,157.92811584472656
2014-05-29,158.74502563476562
2014-05-30,159.00082397460938
2014-06-02,159.18240356445312
2014-06-03,159.09983825683594
2014-06-04,159.42169189453125
2014-06-05,160.46142578125
2014-06-06,161.22889709472656
2014-06-09,161.39389038085938
2014-06-10,161.41038513183594
2014-06-11,160.84930419921875
2014-06-12,159.7105255126953
2014-06-13,160.19735717773438
2014-06-16,160.32943725585938
2014-06-17,160.7750244140625
2014-06-18,161.955078125
2014-06-19,162.1366424560547
2014-06-20,162.46575927734375
2014-06-23,162.416015625
2014-06-24,161.43763732910156
2014-06-25,162.16729736328125
2014-06-26,162.05117797851562
2014-06-27,162.3662872314453
2014-06-30,162.2833709716797
2014-07-01,163.36953735351562
2014-07-02,163.535400390625
2014-07-03,164.33969116210938
2014-07-07,163.76754760742188
2014-07-08,162.7145233154297
2014-07-09,163.4442138671875
2014-07-10,162.7974395751953
2014-07-11,163.02134704589844
2014-07-14,163.84219360351562
2014-07-15,163.535400390625
2014-07-16,164.14071655273438
2014-07-17,162.27505493164062
2014-07-18,163.9333953857422
2014-07-21,163.62657165527344
2014-07-22,164.33969116210938
2014-07-23,164.70448303222656
2014-07-24,164.71279907226562
2014-07-25,163.94171142578125
2014-07-28,164.00799560546875
2014-07-29,163.30323791503906
2014-07-30,163.32809448242188
2014-07-31,160.10264587402344
2014-08-01,159.61343383789062
2014-08-04,160.76602172851562
2014-08-05,159.2071533203125
2014-08-06,159.25689697265625
2014-08-07,158.39462280273438
2014-08-08,160.22706604003906
2014-08-11,160.69139099121094
2014-08-12,160.467529296875
2014-08-13,161.55368041992188
2014-08-14,162.3165740966797
2014-08-15,162.2833709716797
2014-08-18,163.6431884765625
2014-08-19,164.4971923828125
2014-08-20,164.9366912841797
2014-08-21,165.41758728027344
2014-08-22,165.16055297851562
2014-08-25,165.99803161621094
2014-08-26,166.10572814941406
2014-08-27,166.03948974609375
2014-08-28,165.9482879638672
2014-08-29,166.42088317871094
2014-09-02,166.33795166015625
2014-09-03,166.24676513671875
2014-09-04,166.00628662109375
2014-09-05,166.75257873535156
2014-09-08,166.32139587402344
2014-09-09,165.26832580566406
2014-09-10,165.8902587890625
2014-09-11,166.08094787597656
2014-09-12,165.1107940673828
2014-09-15,164.98646545410156
2014-09-16,166.23020935058594
2014-09-17,166.4540557861328
2014-09-18,167.3412628173828
2014-09-19,167.19049072265625
2014-09-22,165.8992919921875
2014-09-23,164.9495391845703
2014-09-24,166.2407989501953
2014-09-25,163.55844116210938
2014-09-26,164.8579559326172
2014-09-29,164.5580596923828
2014-09-30,164.1248779296875
2014-10-01,161.90072631835938
2014-10-02,161.92567443847656
2014-10-03,163.70838928222656
2014-10-06,163.51678466796875
2014-10-07,160.99266052246094
2014-10-08,163.808349609375
2014-10-09,160.55950927734375
2014-10-10,158.72677612304688
2014-10-13,156.119384765625
2014-10-14,156.3609619140625
2014-10-15,155.30299377441406
2014-10-16,155.16978454589844
2014-10-17,157.00244140625
2014-10-20,158.5269012451172
2014-10-21,161.6674346923828
2014-10-22,160.51785278320312
2014-10-23,162.38385009765625
2014-10-24,163.6333465576172
2014-10-27,163.4084930419922
2014-10-28,165.28282165527344
2014-10-29,165.0328826904297
2014-10-30,166.0908966064453
2014-10-31,167.99021911621094
2014-11-03,168.08180236816406
2014-11-04,167.4987030029297
2014-11-05,168.55665588378906
2014-11-06,169.2314453125
2014-11-07,169.38967895507812
2014-11-10,169.92279052734375
2014-11-11,170.08941650390625
2014-11-12,169.90615844726562
2014-11-13,170.0977783203125
2014-11-14,170.13943481445312
2014-11-17,170.24769592285156
2014-11-18,171.23072814941406
2014-11-19,170.95582580566406
2014-11-20,171.2556610107422
2014-11-21,172.1720428466797
2014-11-24,172.6551513671875
2014-11-25,172.5302276611328
2014-11-26,172.9717559814453
2014-11-28,172.6051483154297
2014-12-01,171.40560913085938
2014-12-02,172.51361083984375
2014-12-03,173.18003845214844
2014-12-04,172.98846435546875
2014-12-05,173.27162170410156
2014-12-08,172.1136932373047
2014-12-09,171.99710083007812
2014-12-10,169.23977661132812
2014-12-11,170.0977783203125
2014-12-12,167.34877014160156
2014-12-15,166.19918823242188
2014-12-16,164.86630249023438
2014-12-17,168.0984649658203
2014-12-18,172.2553253173828
2014-12-19,172.98828125
2014-12-22,173.7840118408203
2014-12-23,174.01856994628906
2014-12-24,174.03530883789062
2014-12-26,174.59646606445312
2014-12-29,174.8310546875
2014-12-30,173.8929443359375
2014-12-31,172.1674041748047
2015-01-02,172.0752716064453
2015-01-05,168.9676055908203
2015-01-06,167.37612915039062
2015-01-07,169.46177673339844
2015-01-08,172.46893310546875
2015-01-09,171.0868377685547
2015-01-12,169.74656677246094
2015-01-13,169.26919555664062
2015-01-14,168.2472381591797
2015-01-15,166.70602416992188
2015-01-16,168.8922576904297
2015-01-20,169.25238037109375
2015-01-21,170.10684204101562
2015-01-22,172.63641357421875
2015-01-23,171.68995666503906
2015-01-26,172.09201049804688
2015-01-27,169.82196044921875
2015-01-28,167.64418029785156
2015-01-29,169.19383239746094
2015-01-30,167.06619262695312
2015-02-02,169.13510131835938
2015-02-03,171.58106994628906
2015-02-04,170.92767333984375
2015-02-05,172.65325927734375
2015-02-06,172.17575073242188
2015-02-09,171.4051513671875
2015-02-10,173.23123168945312
2015-02-11,173.3317108154297
2015-02-12,174.9986114501953
2015-02-13,175.718994140625
2015-02-17,175.99539184570312
2015-02-18,176.01211547851562
2015-02-19,175.88645935058594
2015-02-20,176.94190979003906
2015-02-23,176.9167938232422
2015-02-24,177.41932678222656
2015-02-25,177.2686004638672
2015-02-26,177.05914306640625
2015-02-27,176.4560546875
2015-03-02,177.5701446533203
2015-03-03,176.8413848876953
2015-03-04,176.095947265625
2015-03-05,176.28855895996094
2015-03-06,173.8091278076172
2015-03-09,174.52952575683594
2015-03-10,171.69833374023438
2015-03-11,171.29623413085938
2015-03-12,173.47412109375
2015-03-13,172.41029357910156
2015-03-16,174.71376037597656
2015-03-17,174.19444274902344
2015-03-18,176.28855895996094
2015-03-19,175.4844512939453
2015-03-20,177.0334014892578
2015-03-23,176.6884307861328
2015-03-24,175.69564819335938
2015-03-25,173.12094116210938
2015-03-26,172.70872497558594
2015-03-27,173.10418701171875
2015-03-30,175.2160186767578
2015-03-31,173.68472290039062
2015-04-01,173.07046508789062
2015-04-02,173.6931610107422
2015-04-06,174.86264038085938
2015-04-07,174.39987182617188
2015-04-08,174.98880004882812
2015-04-09,175.76292419433594
2015-04-10,176.72206115722656
2015-04-13,175.9227752685547
2015-04-14,176.2593231201172
2015-04-15,177.0501708984375
2015-04-16,176.999755859375
2015-04-17,174.96363830566406
2015-04-20,176.56222534179688
2015-04-21,176.35189819335938
2015-04-22,177.21847534179688
2015-04-23,177.6644287109375
2015-04-24,178.07669067382812
2015-04-27,177.33631896972656
2015-04-28,177.90003967285156
2015-04-29,177.16796875
2015-04-30,175.39271545410156
2015-05-01,177.29425048828125
2015-05-04,177.79908752441406
2015-05-05,175.76292419433594
2015-05-06,175.03933715820312
2015-05-07,175.7376708984375
2015-05-08,178.0514373779297
2015-05-11,177.20164489746094
2015-05-12,176.6715850830078
2015-05-13,176.70526123046875
2015-05-14,178.54783630371094
2015-05-15,178.7414093017578
2015-05-18,179.29669189453125
2015-05-19,179.23780822753906
2015-05-20,179.11155700683594
2015-05-21,179.63327026367188
2015-05-22,179.20413208007812
2015-05-26,177.27743530273438
2015-05-27,178.9601287841797
2015-05-28,178.75819396972656
2015-05-29,177.6475830078125
2015-06-01,178.0093536376953
2015-06-02,177.83265686035156
2015-06-03,178.3039093017578
2015-06-04,176.79779052734375
2015-06-05,176.49490356445312
2015-06-08,175.40951538085938
2015-06-09,175.38426208496094
2015-06-10,177.48776245117188
2015-06-11,178.05987548828125
2015-06-12,176.69686889648438
2015-06-15,175.9395751953125
2015-06-16,176.89877319335938
2015-06-17,177.184814453125
2015-06-18,179.02745056152344
2015-06-19,178.232666015625
2015-06-22,179.1458282470703
2015-06-23,179.27259826660156
2015-06-24,177.97064208984375
2015-06-25,177.42953491210938
2015-06-26,177.39569091796875
2015-06-29,173.67568969726562
2015-06-30,174.03921508789062
2015-07-01,175.4342041015625
2015-07-02,175.27357482910156
2015-07-06,174.7747039794922
2015-07-07,175.87380981445312
2015-07-08,172.92318725585938
2015-07-09,173.23597717285156
2015-07-10,175.4172821044922
2015-07-13,177.35340881347656
2015-07-14,178.12277221679688
2015-07-15,178.06358337402344
2015-07-16,179.49244689941406
2015-07-17,179.64463806152344
2015-07-20,179.7375946044922
2015-07-21,179.0274658203125
2015-07-22,178.70619201660156
2015-07-23,177.70004272460938
2015-07-24,175.85696411132812
2015-07-27,174.8339080810547
2015-07-28,176.98141479492188
2015-07-29,178.19891357421875
2015-07-30,178.2412109375
2015-07-31,177.97064208984375
2015-08-03,177.37033081054688
2015-08-04,177.02371215820312
2015-08-05,177.60707092285156
2015-08-06,176.1528778076172
2015-08-07,175.81468200683594
2015-08-10,178.02975463867188
2015-08-11,176.4234161376953
2015-08-12,176.63479614257812
2015-08-13,176.41494750976562
2015-08-14,177.05751037597656
2015-08-17,178.0466766357422
2015-08-18,177.53094482421875
2015-08-19,176.12750244140625
2015-08-20,172.44972229003906
2015-08-21,167.25856018066406
2015-08-24,160.2157745361328
2015-08-25,158.3303985595703
2015-08-26,164.4093475341797
2015-08-27,168.47601318359375
2015-08-28,168.48446655273438
2015-08-31,167.12327575683594
2015-09-01,162.1350555419922
2015-09-02,165.21255493164062
2015-09-03,165.33079528808594
2015-09-04,162.82830810546875
2015-09-08,166.92034912109375
2015-09-09,164.6883087158203
2015-09-10,165.58453369140625
2015-09-11,166.33697509765625
2015-09-14,165.71981811523438
2015-09-15,167.79124450683594
2015-09-16,169.2454071044922
2015-09-17,168.8649444580078
2015-09-18,166.1054229736328
2015-09-21,166.9637908935547
2015-09-22,164.79664611816406
2015-09-23,164.533203125
2015-09-24,163.9382781982422
2015-09-25,163.89578247070312
2015-09-28,159.7824249267578
2015-09-29,159.8759307861328
2015-09-30,162.8590087890625
2015-10-01,163.28384399414062
2015-10-02,165.72300720214844
2015-10-05,168.67201232910156
2015-10-06,168.09410095214844
2015-10-07,169.47091674804688
2015-10-08,171.00064086914062
2015-10-09,171.10260009765625
2015-10-12,171.26406860351562
2015-10-13,170.18478393554688
2015-10-14,169.368896484375
2015-10-15,171.96949768066406
2015-10-16,172.75132751464844
2015-10-19,172.83631896972656
2015-10-20,172.61538696289062
2015-10-21,171.54454040527344
2015-10-22,174.44261169433594
2015-10-23,176.3547821044922
2015-10-26,175.9213104248047
2015-10-27,175.58135986328125
2015-10-28,177.5785675048828
2015-10-29,177.47659301757812
2015-10-30,176.71170043945312
2015-11-02,178.80238342285156
2015-11-03,179.3207550048828
2015-11-04,178.77687072753906
2015-11-05,178.59840393066406
2015-11-06,178.50491333007812
2015-11-09,176.83917236328125
2015-11-10,177.24713134765625
2015-11-11,176.55026245117188
2015-11-12,174.0856170654297
2015-11-13,172.1309356689453
2015-11-16,174.74853515625
2015-11-17,174.6210174560547
2015-11-18,177.3916015625
2015-11-19,177.23863220214844
2015-11-20,177.8844757080078
2015-11-23,177.6805419921875
2015-11-24,177.91851806640625
2015-11-25,177.89303588867188
2015-11-27,178.09695434570312
2015-11-30,177.3576202392578
2015-12-01,179.04876708984375
2015-12-02,177.22161865234375
2015-12-03,174.74005126953125
2015-12-04,178.14797973632812
2015-12-07,177.06863403320312
2015-12-08,175.8788299560547
2015-12-09,174.51055908203125
2015-12-10,174.9609832763672
2015-12-11,171.57003784179688
2015-12-14,172.43687438964844
2015-12-15,174.24710083007812
2015-12-16,176.7967529296875
2015-12-17,174.10263061523438
2015-12-18,171.00096130371094
2015-12-21,172.41162109375
2015-12-22,173.97605895996094
2015-12-23,176.13050842285156
2015-12-24,175.83981323242188
2015-12-28,175.43800354003906
2015-12-29,177.3103485107422
2015-12-30,176.0535125732422
2015-12-31,174.2924041748047
2016-01-04,171.85595703125
2016-01-05,172.14659118652344
2016-01-06,169.97512817382812
2016-01-07,165.89710998535156
2016-01-08,164.076171875
2016-01-11,164.2385711669922
2016-01-12,165.56369018554688
2016-01-13,161.43443298339844
2016-01-14,164.08462524414062
2016-01-15,160.56239318847656
2016-01-19,160.77613830566406
2016-01-20,158.71580505371094
2016-01-21,159.6049041748047
2016-01-22,162.87928771972656
2016-01-25,160.41708374023438
2016-01-26,162.6056671142578
2016-01-27,160.83596801757812
2016-01-28,161.67381286621094
2016-01-29,165.614990234375
2016-02-01,165.55514526367188
2016-02-02,162.571533203125
2016-02-03,163.5460968017578
2016-02-04,163.8025665283203
2016-02-05,160.6820831298828
2016-02-08,158.51919555664062
2016-02-09,158.52772521972656
2016-02-10,158.3909149169922
2016-02-11,156.33059692382812
2016-02-12,159.5536346435547
2016-02-16,162.24667358398438
2016-02-17,164.89686584472656
2016-02-18,164.22146606445312
2016-02-19,164.14451599121094
2016-02-22,166.52117919921875
2016-02-23,164.41812133789062
2016-02-24,165.17044067382812
2016-02-25,167.1708984375
2016-02-26,166.78622436523438
2016-02-29,165.47821044921875
2016-03-01,169.36813354492188
2016-03-02,170.12896728515625
2016-03-03,170.79580688476562
2016-03-04,171.3514862060547
2016-03-07,171.48825073242188
2016-03-08,169.615966796875
2016-03-09,170.45384216308594
2016-03-10,170.5906524658203
2016-03-11,173.3434600830078
2016-03-14,173.12118530273438
2016-03-15,172.8390655517578
2016-03-16,173.8393096923828
2016-03-17,174.942138671875
2016-03-18,175.629638671875
2016-03-21,175.8788299560547
2016-03-22,175.78428649902344
2016-03-23,174.62420654296875
2016-03-24,174.5468292236328
2016-03-28,174.64993286132812
2016-03-29,176.2655029296875
2016-03-30,177.0388946533203
2016-03-31,176.60926818847656
2016-04-01,177.81228637695312
2016-04-04,177.23660278320312
2016-04-05,175.4663848876953
2016-04-06,177.3826446533203
2016-04-07,175.26010131835938
2016-04-08,175.73275756835938
2016-04-11,175.32029724121094
2016-04-12,176.95297241210938
2016-04-13,178.7404022216797
2016-04-14,178.7489776611328
2016-04-15,178.55128479003906
2016-04-18,179.80593872070312
2016-04-19,180.3730926513672
2016-04-20,180.54498291015625
2016-04-21,179.57391357421875
2016-04-22,179.57391357421875
2016-04-25,179.2645721435547
2016-04-26,179.53094482421875
2016-04-27,179.9004669189453
2016-04-28,178.26773071289062
2016-04-29,177.30528259277344
2016-05-02,178.714599609375
2016-05-03,177.15921020507812
2016-05-04,176.17098999023438
2016-05-05,176.13656616210938
2016-05-06,176.78106689453125
2016-05-09,176.9271697998047
2016-05-10,179.12709045410156
2016-05-11,177.4513702392578
2016-05-12,177.50294494628906
2016-05-13,175.95611572265625
2016-05-16,177.69204711914062
2016-05-17,176.0335235595703
2016-05-18,176.08505249023438
2016-05-19,175.47491455078125
2016-05-20,176.58348083496094
2016-05-23,176.3428497314453
2016-05-24,178.62867736816406
2016-05-25,179.84031677246094
2016-05-26,179.89186096191406
2016-05-27,180.66529846191406
2016-05-31,180.3214874267578
2016-06-01,180.69107055664062
2016-06-02,181.2410430908203
2016-06-03,180.6996612548828
2016-06-06,181.61912536621094
2016-06-07,181.90272521972656
2016-06-08,182.49566650390625
2016-06-09,182.24639892578125
2016-06-10,180.5192108154297
2016-06-13,179.12709045410156
2016-06-14,178.77481079101562
2016-06-15,178.52557373046875
2016-06-16,179.05836486816406
2016-06-17,178.39146423339844
2016-06-20,179.54034423828125
2016-06-21,180.04998779296875
2016-06-22,179.75633239746094
2016-06-23,182.09715270996094
2016-06-24,175.55821228027344
2016-06-27,172.4140625
2016-06-28,175.52371215820312
2016-06-29,178.5124053955078
2016-06-30,180.94834899902344
2016-07-01,181.328369140625
2016-07-05,180.02403259277344
2016-07-06,181.10379028320312
2016-07-07,180.9915313720703
2016-07-08,183.6865692138672
2016-07-11,184.3344268798828
2016-07-12,185.6732940673828
2016-07-13,185.6473846435547
2016-07-14,186.68397521972656
2016-07-15,186.43348693847656
2016-07-18,186.93443298339844
2016-07-19,186.74444580078125
2016-07-20,187.5218505859375
2016-07-21,186.8135223388672
2016-07-22,187.65145874023438
2016-07-25,187.1417694091797
2016-07-26,187.22816467285156
2016-07-27,187.02947998046875
2016-07-28,187.24542236328125
2016-07-29,187.54771423339844
2016-08-01,187.3922576904297
2016-08-02,186.19158935546875
2016-08-03,186.73577880859375
2016-08-04,186.93443298339844
2016-08-05,188.46337890625
2016-08-08,188.3511505126953
2016-08-09,188.46337890625
2016-08-10,187.99688720703125
2016-08-11,188.8693389892578
2016-08-12,188.7052459716797
2016-08-15,189.2494659423828
2016-08-16,188.27334594726562
2016-08-17,188.6274871826172
2016-08-18,189.05079650878906
2016-08-19,188.77432250976562
2016-08-22,188.76568603515625
2016-08-23,189.1457977294922
2016-08-24,188.17832946777344
2016-08-25,188.04873657226562
2016-08-26,187.69459533691406
2016-08-29,188.61886596679688
2016-08-30,188.30787658691406
2016-08-31,187.7722930908203
2016-09-01,187.78094482421875
2016-09-02,188.6274871826172
2016-09-06,189.1976318359375
2016-09-07,189.1803436279297
2016-09-08,188.74847412109375
2016-09-09,184.23080444335938
2016-09-12,186.87399291992188
2016-09-13,184.18756103515625
2016-09-14,184.11851501464844
2016-09-15,185.9583282470703
2016-09-16,185.239501953125
2016-09-19,185.2742462158203
2016-09-20,185.2829132080078
2016-09-21,187.3665008544922
2016-09-22,188.54721069335938
2016-09-23,187.5140838623047
2016-09-26,185.9948272705078
2016-09-27,187.1494598388672
2016-09-28,188.0784149169922
2016-09-29,186.37680053710938
2016-09-30,187.7832794189453
2016-10-03,187.33175659179688
2016-10-04,186.37680053710938
2016-10-05,187.2015380859375
2016-10-06,187.33175659179688
2016-10-07,186.6893768310547
2016-10-10,187.66168212890625
2016-10-11,185.29159545898438
2016-10-12,185.53468322753906
2016-10-13,184.9269561767578
2016-10-14,185.0224609375
2016-10-17,184.3800506591797
2016-10-18,185.53468322753906
2016-10-19,186.02952575683594
2016-10-20,185.6822967529297
2016-10-21,185.7690887451172
2016-10-24,186.55908203125
2016-10-25,185.9340362548828
2016-10-26,185.56077575683594
2016-10-27,185.0658721923828
2016-10-28,184.5189208984375
2016-10-31,184.52760314941406
2016-11-01,183.190673828125
2016-11-02,182.08810424804688
2016-11-03,181.25462341308594
2016-11-04,181.0549774169922
2016-11-07,185.04855346679688
2016-11-08,185.88201904296875
2016-11-09,187.8527069091797
2016-11-10,188.32147216796875
2016-11-11,187.887451171875
2016-11-14,188.0349884033203
2016-11-15,189.50221252441406
2016-11-16,189.14622497558594
2016-11-17,190.1185760498047
2016-11-18,189.69320678710938
2016-11-21,191.12564086914062
2016-11-22,191.49896240234375
2016-11-23,191.60311889648438
2016-11-25,192.31504821777344
2016-11-28,191.41212463378906
2016-11-29,191.78543090820312
2016-11-30,191.32530212402344
2016-12-01,190.62213134765625
2016-12-02,190.7176055908203
2016-12-05,191.86358642578125
2016-12-06,192.4713134765625
2016-12-07,194.98895263671875
2016-12-08,195.4664306640625
2016-12-09,196.64715576171875
2016-12-12,196.4214324951172
2016-12-13,197.73236083984375
2016-12-14,196.10028076171875
2016-12-15,196.9076690673828
2016-12-16,196.52249145507812
2016-12-19,196.9503936767578
2016-12-20,197.71017456054688
2016-12-21,197.16004943847656
2016-12-22,196.8194580078125
2016-12-23,197.10763549804688
2016-12-27,197.5966339111328
2016-12-28,195.96365356445312
2016-12-29,195.9199676513672
2016-12-30,195.2038116455078
2017-01-03,196.6970977783203
2017-01-04,197.8673553466797
2017-01-05,197.71017456054688
2017-01-06,198.41748046875
2017-01-09,197.76255798339844
2017-01-10,197.76255798339844
2017-01-11,198.32144165039062
2017-01-12,197.82366943359375
2017-01-13,198.27777099609375
2017-01-17,197.57913208007812
2017-01-18,198.01580810546875
2017-01-19,197.28221130371094
2017-01-20,198.00704956054688
2017-01-23,197.49179077148438
2017-01-24,198.7581024169922
2017-01-25,200.4784698486328
2017-01-26,200.2688446044922
2017-01-27,199.95448303222656
2017-01-30,198.71441650390625
2017-01-31,198.6969451904297
2017-02-01,198.77552795410156
2017-02-02,198.90655517578125
2017-02-03,200.277587890625
2017-02-06,199.9195556640625
2017-02-07,199.92823791503906
2017-02-08,200.1903076171875
2017-02-09,201.3779296875
2017-02-10,202.172607421875
2017-02-13,203.27297973632812
2017-02-14,204.08502197265625
2017-02-15,205.1504669189453
2017-02-16,204.975830078125
2017-02-17,205.2989044189453
2017-02-21,206.52154541015625
2017-02-22,206.338134765625
2017-02-23,206.47784423828125
2017-02-24,206.7398223876953
2017-02-27,207.06300354003906
2017-02-28,206.50404357910156
2017-03-01,209.39459228515625
2017-03-02,208.07595825195312
2017-03-03,208.2069549560547
2017-03-06,207.58692932128906
2017-03-07,206.96688842773438
2017-03-08,206.5826416015625
2017-03-09,206.84463500976562
2017-03-10,207.56942749023438
2017-03-13,207.6742401123047
2017-03-14,206.8795623779297
2017-03-15,208.66976928710938
2017-03-16,208.25933837890625
2017-03-17,207.8936309814453
2017-03-20,207.66555786132812
2017-03-21,204.99925231933594
2017-03-22,205.4816131591797
2017-03-23,205.26235961914062
2017-03-24,205.11329650878906
2017-03-27,204.90272521972656
2017-03-28,206.3938446044922
2017-03-29,206.58673095703125
2017-03-30,207.2445526123047
2017-03-31,206.76220703125
2017-04-03,206.402587890625
2017-04-04,206.53414916992188
2017-04-05,205.9202117919922
2017-04-06,206.4990692138672
2017-04-07,206.28855895996094
2017-04-10,206.41134643554688
2017-04-11,206.16575622558594
2017-04-12,205.26235961914062
2017-04-13,203.92922973632812
2017-04-17,205.73599243164062
2017-04-18,205.12203979492188
2017-04-19,204.74493408203125
2017-04-20,206.41134643554688
2017-04-21,205.75352478027344
2017-04-24,208.0164031982422
2017-04-25,209.2267608642578
2017-04-26,209.09518432617188
2017-04-27,209.2706298828125
2017-04-28,208.8145294189453
2017-05-01,209.34078979492188
2017-05-02,209.41970825195312
2017-05-03,209.16534423828125
2017-05-04,209.41094970703125
2017-05-05,210.23541259765625
2017-05-08,210.20037841796875
2017-05-09,210.0073699951172
2017-05-10,210.38450622558594
2017-05-11,209.95474243164062
2017-05-12,209.60389709472656
2017-05-15,210.76165771484375
2017-05-16,210.5686798095703
2017-05-17,206.8323516845703
2017-05-18,207.66555786132812
2017-05-19,209.01626586914062
2017-05-22,210.0775604248047
2017-05-23,210.5423583984375
2017-05-24,211.03353881835938
2017-05-25,212.0421905517578
2017-05-26,211.99832153320312
2017-05-30,211.81417846679688
2017-05-31,211.76153564453125
2017-06-01,213.4455108642578
2017-06-02,214.1559600830078
2017-06-05,213.998046875
2017-06-06,213.31394958496094
2017-06-07,213.70864868164062
2017-06-08,213.8138427734375
2017-06-09,213.48936462402344
2017-06-12,213.4455108642578
2017-06-13,214.48924255371094
2017-06-14,214.21730041503906
2017-06-15,213.80511474609375
2017-06-16,213.851806640625
2017-06-19,215.6321563720703
2017-06-20,214.17788696289062
2017-06-21,214.1250762939453
2017-06-22,214.02810668945312
2017-06-23,214.28369140625
2017-06-26,214.42471313476562
2017-06-27,212.697265625
2017-06-28,214.60098266601562
2017-06-29,212.71484375
2017-06-30,213.1114501953125
2017-07-03,213.47280883789062
2017-07-05,213.96640014648438
2017-07-06,212.00978088378906
2017-07-07,213.3846893310547
2017-07-10,213.6138458251953
2017-07-11,213.45521545410156
2017-07-12,215.0592498779297
2017-07-13,215.42063903808594
2017-07-14,216.4253692626953
2017-07-17,216.3989715576172
2017-07-18,216.51348876953125
2017-07-19,217.6857147216797
2017-07-20,217.78268432617188
2017-07-21,217.58876037597656
2017-07-24,217.535888671875
2017-07-25,218.06468200683594
2017-07-26,218.073486328125
2017-07-27,217.8708038330078
2017-07-28,217.61517333984375
2017-07-31,217.49179077148438
2017-08-01,217.9765625
2017-08-02,218.08233642578125
2017-08-03,217.65927124023438
2017-08-04,218.055908203125
2017-08-07,218.4612579345703
2017-08-08,217.9236602783203
2017-08-09,217.91488647460938
2017-08-10,214.8389434814453
2017-08-11,215.15625
2017-08-14,217.28909301757812
2017-08-15,217.26266479492188
2017-08-16,217.64161682128906
2017-08-17,214.24842834472656
2017-08-18,213.9134979248047
2017-08-21,214.0809783935547
2017-08-22,216.31961059570312
2017-08-23,215.5440216064453
2017-08-24,215.04164123535156
2017-08-25,215.5440216064453
2017-08-28,215.5528106689453
2017-08-29,215.79962158203125
2017-08-30,216.8219757080078
2017-08-31,218.12640380859375
2017-09-01,218.4348602294922
2017-09-05,216.86605834960938
2017-09-06,217.60638427734375
2017-09-07,217.57998657226562
2017-09-08,217.3243408203125
2017-09-11,219.64230346679688
2017-09-12,220.38267517089844
2017-09-13,220.48841857910156
2017-09-14,220.4179229736328
2017-09-15,220.71461486816406
2017-09-18,221.18408203125
2017-09-19,221.405517578125
2017-09-20,221.4852294921875
2017-09-21,220.89175415039062
2017-09-22,220.93605041503906
2017-09-25,220.48434448242188
2017-09-26,220.61720275878906
2017-09-27,221.47637939453125
2017-09-28,221.74208068847656
2017-09-29,222.5215301513672
2017-10-02,223.48695373535156
2017-10-03,223.96524047851562
2017-10-04,224.2310028076172
2017-10-05,225.5595703125
2017-10-06,225.3026885986328
2017-10-09,224.93069458007812
2017-10-10,225.52415466308594
2017-10-11,225.8784637451172
2017-10-12,225.5418701171875
2017-10-13,225.81639099121094
2017-10-16,226.11758422851562
2017-10-17,226.2770233154297
2017-10-18,226.4984588623047
2017-10-19,226.5604705810547
2017-10-20,227.7295684814453
2017-10-23,226.84384155273438
2017-10-24,227.24244689941406
2017-10-25,226.11758422851562
2017-10-26,226.40988159179688
2017-10-27,228.26100158691406
2017-10-30,227.41073608398438
2017-10-31,227.76499938964844
2017-11-01,228.066162109375
2017-11-02,228.15475463867188
2017-11-03,228.9164581298828
2017-11-06,229.27076721191406
2017-11-07,229.11134338378906
2017-11-08,229.5010223388672
2017-11-09,228.66845703125
2017-11-10,228.5976104736328
2017-11-13,228.81019592285156
2017-11-14,228.27879333496094
2017-11-15,227.1361541748047
2017-11-16,229.0670928955078
2017-11-17,228.39382934570312
2017-11-20,228.78358459472656
2017-11-21,230.28053283691406
2017-11-22,230.07675170898438
2017-11-24,230.60818481445312
2017-11-27,230.4930877685547
2017-11-28,232.83139038085938
2017-11-29,232.68971252441406
2017-11-30,234.72682189941406
2017-12-01,234.23973083496094
2017-12-04,233.956298828125
2017-12-05,233.11483764648438
2017-12-06,233.15914916992188
2017-12-07,233.89427185058594
2017-12-08,235.1697540283203
2017-12-11,235.87831115722656
2017-12-12,236.29452514648438
2017-12-13,236.2680206298828
2017-12-14,235.3025665283203
2017-12-15,237.2620849609375
2017-12-18,238.76658630371094
2017-12-19,237.84962463378906
2017-12-20,237.7249755859375
2017-12-21,238.2145538330078
2017-12-22,238.15232849121094
2017-12-26,237.86740112304688
2017-12-27,237.98313903808594
2017-12-28,238.47276306152344
2017-12-29,237.57362365722656
2018-01-02,239.27398681640625
2018-01-03,240.7874298095703
2018-01-04,241.80235290527344
2018-01-05,243.41372680664062
2018-01-08,243.8588104248047
2018-01-09,244.41079711914062
2018-01-10,244.03692626953125
2018-01-11,245.81739807128906
2018-01-12,247.41990661621094
2018-01-16,246.57408142089844
2018-01-17,248.92431640625
2018-01-18,248.50599670410156
2018-01-19,249.63650512695312
2018-01-22,251.6663818359375
2018-01-23,252.2006072998047
2018-01-24,252.10264587402344
2018-01-25,252.20936584472656
2018-01-26,255.1294403076172
2018-01-29,253.43804931640625
2018-01-30,250.83843994140625
2018-01-31,250.96302795410156
2018-02-01,250.67816162109375
2018-02-02,245.22091674804688
2018-02-05,234.9651336669922
2018-02-06,239.59451293945312
2018-02-07,238.2947235107422
2018-02-08,229.3565673828125
2018-02-09,232.80191040039062
2018-02-12,236.2204132080078
2018-02-13,236.80795288085938
2018-02-14,240.00399780273438
2018-02-15,243.06651306152344
2018-02-16,243.1376953125
2018-02-20,241.61538696289062
2018-02-21,240.4135284423828
2018-02-22,240.72512817382812
2018-02-23,244.56207275390625
2018-02-26,247.40206909179688
2018-02-27,244.31288146972656
2018-02-28,241.83792114257812
2018-03-01,238.3214111328125
2018-03-02,239.55001831054688
2018-03-05,242.3186492919922
2018-03-06,242.93296813964844
2018-03-07,242.843994140625
2018-03-08,244.0190887451172
2018-03-09,248.26556396484375
2018-03-12,247.95396423339844
2018-03-13,246.3515625
2018-03-14,245.0873565673828
2018-03-15,244.8202667236328
2018-03-16,245.08580017089844
2018-03-19,241.76963806152344
2018-03-20,242.1808624267578
2018-03-21,241.716064453125
2018-03-22,235.67388916015625
2018-03-23,230.65054321289062
2018-03-26,236.96092224121094
2018-03-27,232.92982482910156
2018-03-28,232.24154663085938
2018-03-29,235.20899963378906
2018-04-02,230.13217163085938
2018-04-03,233.08177185058594
2018-04-04,235.57550048828125
2018-04-05,237.4346923828125
2018-04-06,232.14321899414062
2018-04-09,233.28732299804688
2018-04-10,236.9967041015625
2018-04-11,235.75430297851562
2018-04-12,237.6939239501953
2018-04-13,236.9967041015625
2018-04-16,238.94525146484375
2018-04-17,241.50157165527344
2018-04-18,241.68035888671875
2018-04-19,240.33958435058594
2018-04-20,238.30166625976562
2018-04-23,238.26588439941406
2018-04-24,235.0570526123047
2018-04-25,235.63809204101562
2018-04-26,238.03353881835938
2018-04-27,238.25698852539062
2018-04-30,236.4246368408203
2018-05-01,236.84475708007812
2018-05-02,235.2537384033203
2018-05-03,234.73533630371094
2018-05-04,237.77432250976562
2018-05-07,238.57884216308594
2018-05-08,238.57884216308594
2018-05-09,240.88478088378906
2018-05-10,243.13723754882812
2018-05-11,243.87918090820312
2018-05-14,243.99533081054688
2018-05-15,242.31495666503906
2018-05-16,243.3338623046875
2018-05-17,243.1282501220703
2018-05-18,242.52049255371094
2018-05-21,244.34388732910156
2018-05-22,243.66464233398438
2018-05-23,244.33497619628906
2018-05-24,243.83438110351562
2018-05-25,243.25341796875
2018-05-29,240.4557647705078
2018-05-30,243.66464233398438
2018-05-31,242.1719207763672
2018-06-01,244.54949951171875
2018-06-04,245.7114715576172
2018-06-05,245.89015197753906
2018-06-06,247.94595336914062
2018-06-07,247.91917419433594
2018-06-08,248.6521759033203
2018-06-11,248.98284912109375
2018-06-12,249.30458068847656
2018-06-13,248.50912475585938
2018-06-14,249.13482666015625
2018-06-15,248.8169403076172
2018-06-18,248.3052215576172
2018-06-19,247.3534698486328
2018-06-20,247.7754364013672
2018-06-21,246.2222137451172
2018-06-22,246.67111206054688
2018-06-25,243.31324768066406
2018-06-26,243.85189819335938
2018-06-27,241.83180236816406
2018-06-28,243.21446228027344
2018-06-29,243.5646209716797
2018-07-02,244.08534240722656
2018-07-03,243.223388671875
2018-07-05,245.20767211914062
2018-07-06,247.2816925048828
2018-07-09,249.50828552246094
2018-07-10,250.4061279296875
2018-07-11,248.57447814941406
2018-07-12,250.8280487060547
2018-07-13,251.02561950683594
2018-07-16,250.8011932373047
2018-07-17,251.81581115722656
2018-07-18,252.34548950195312
2018-07-19,251.39373779296875
2018-07-20,251.10647583007812
2018-07-23,251.5733642578125
2018-07-24,252.83926391601562
2018-07-25,254.9939727783203
2018-07-26,254.3925018310547
2018-07-27,252.66864013671875
2018-07-30,251.34890747070312
2018-07-31,252.5878448486328
2018-08-01,252.1658477783203
2018-08-02,253.53964233398438
2018-08-03,254.62591552734375
2018-08-06,255.55967712402344
2018-08-07,256.4036560058594
2018-08-08,256.29583740234375
2018-08-09,255.94578552246094
2018-08-10,254.23086547851562
2018-08-13,253.2791748046875
2018-08-14,254.89535522460938
2018-08-15,252.99191284179688
2018-08-16,255.03897094726562
2018-08-17,255.9368133544922
2018-08-20,256.48455810546875
2018-08-21,257.08599853515625
2018-08-22,256.9334411621094
2018-08-23,256.59222412109375
2018-08-24,258.1365051269531
2018-08-27,260.1745910644531
2018-08-28,260.30023193359375
2018-08-29,261.7008056640625
2018-08-30,260.6414489746094
2018-08-31,260.6504211425781
2018-09-04,260.2014465332031
2018-09-05,259.50115966796875
2018-09-06,258.72003173828125
2018-09-07,258.2173156738281
2018-09-10,258.6662902832031
2018-09-11,259.5191650390625
2018-09-12,259.5820007324219
2018-09-13,261.1173400878906
2018-09-14,261.1621398925781
2018-09-17,259.7795104980469
2018-09-18,261.18914794921875
2018-09-19,261.46746826171875
2018-09-20,263.5862731933594
2018-09-21,263.3454895019531
2018-09-24,262.47064208984375
2018-09-25,262.2271423339844
2018-09-26,261.4425048828125
2018-09-27,262.173095703125
2018-09-28,262.20013427734375
2018-10-01,263.1109619140625
2018-10-02,262.95770263671875
2018-10-03,263.10198974609375
2018-10-04,261.0456848144531
2018-10-05,259.5845947265625
2018-10-08,259.5845947265625
2018-10-09,259.2058410644531
2018-10-10,250.99853515625
2018-10-11,245.4698486328125
2018-10-12,248.8790740966797
2018-10-15,247.4810791015625
2018-10-16,252.89256286621094
2018-10-17,252.93760681152344
2018-10-18,249.28489685058594
2018-10-19,249.1496124267578
2018-10-22,248.03128051757812
2018-10-23,246.76861572265625
2018-10-24,239.29185485839844
2018-10-25,243.58489990234375
2018-10-26,239.30091857910156
2018-10-29,237.97508239746094
2018-10-30,241.50148010253906
2018-10-31,244.08096313476562
2018-11-01,246.67840576171875
2018-11-02,245.21739196777344
2018-11-05,246.5702362060547
2018-11-06,248.13046264648438
2018-11-07,253.4425811767578
2018-11-08,252.9827117919922
2018-11-09,250.51150512695312
2018-11-12,245.83059692382812
2018-11-13,245.37062072753906
2018-11-14,243.6931610107422
2018-11-15,246.2364501953125
2018-11-16,246.87692260742188
2018-11-19,242.70106506347656
2018-11-20,238.20962524414062
2018-11-21,239.0213165283203
2018-11-23,237.42491149902344
2018-11-26,241.25799560546875
2018-11-27,242.0697021484375
2018-11-28,247.6434783935547
2018-11-29,247.10231018066406
2018-11-30,248.60845947265625
2018-12-03,251.90042114257812
2018-12-04,243.73822021484375
2018-12-06,243.3684844970703
2018-12-07,237.71356201171875
2018-12-10,238.16452026367188
2018-12-11,238.21865844726562
2018-12-12,239.41812133789062
2018-12-13,239.33694458007812
2018-12-14,234.91766357421875
2018-12-17,230.30892944335938
2018-12-18,230.05642700195312
2018-12-19,226.6111602783203
2018-12-20,222.92242431640625
2018-12-21,218.35479736328125
2018-12-24,212.58526611328125
2018-12-26,223.3260955810547
2018-12-27,225.04066467285156
2018-12-28,224.75033569335938
2018-12-31,226.71888732910156
2019-01-02,226.95477294921875
2019-01-03,221.53900146484375
2019-01-04,228.9595947265625
2019-01-07,230.7648468017578
2019-01-08,232.9329833984375
2019-01-09,234.02157592773438
2019-01-10,234.8470916748047
2019-01-11,234.93780517578125
2019-01-14,233.50448608398438
2019-01-15,236.18063354492188
2019-01-16,236.75218200683594
2019-01-17,238.54837036132812
2019-01-18,241.72341918945312
2019-01-22,238.45765686035156
2019-01-23,238.95657348632812
2019-01-24,239.08352661132812
2019-01-25,241.1065216064453
2019-01-28,239.2741241455078
2019-01-29,238.95657348632812
2019-01-30,242.73948669433594
2019-01-31,244.8712158203125
2019-02-01,244.9892578125
2019-02-04,246.7128448486328
2019-02-05,247.74697875976562
2019-02-06,247.42037963867188
2019-02-07,245.06182861328125
2019-02-08,245.3612060546875
2019-02-11,245.49717712402344
2019-02-12,248.65419006347656
2019-02-13,249.46153259277344
2019-02-14,248.9081573486328
2019-02-15,251.62054443359375
2019-02-19,252.0560760498047
2019-02-20,252.56402587890625
2019-02-21,251.66595458984375
2019-02-22,253.22637939453125
2019-02-25,253.57098388671875
2019-02-26,253.38954162597656
2019-02-27,253.2806854248047
2019-02-28,252.80899047851562
2019-03-01,254.38743591308594
2019-03-04,253.46212768554688
2019-03-05,253.11744689941406
2019-03-06,251.58425903320312
2019-03-07,249.479736328125
2019-03-08,248.98077392578125
2019-03-11,252.59129333496094
2019-03-12,253.5438232421875
2019-03-13,255.2221221923828
2019-03-14,255.05870056152344
2019-03-15,256.31890869140625
2019-03-18,257.248291015625
2019-03-19,257.31207275390625
2019-03-20,256.53759765625
2019-03-21,259.43505859375
2019-03-22,254.44190979003906
2019-03-25,254.25057983398438
2019-03-26,256.1457214355469
2019-03-27,254.80638122558594
2019-03-28,255.7721405029297
2019-03-29,257.3848876953125
2019-04-01,260.4373779296875
2019-04-02,260.5649108886719
2019-04-03,260.97491455078125
2019-04-04,261.6673889160156
2019-04-05,262.9338684082031
2019-04-08,263.13446044921875
2019-04-09,261.785888671875
2019-04-10,262.6788330078125
2019-04-11,262.6058654785156
2019-04-12,264.38262939453125
2019-04-15,264.2095031738281
2019-04-16,264.38262939453125
2019-04-17,263.7357177734375
2019-04-18,264.2550964355469
2019-04-22,264.4828796386719
2019-04-23,266.8611145019531
2019-04-24,266.26885986328125
2019-04-25,266.10467529296875
2019-04-26,267.3439025878906
2019-04-29,267.76318359375
2019-04-30,267.8997497558594
2019-05-01,265.885986328125
2019-05-02,265.3121032714844
2019-05-03,267.90887451171875
2019-05-06,266.806396484375
2019-05-07,262.35076904296875
2019-05-08,261.9862976074219
2019-05-09,261.193603515625
2019-05-10,262.5057373046875
2019-05-13,255.9088592529297
2019-05-14,258.22320556640625
2019-05-15,259.73577880859375
2019-05-16,262.1411437988281
2019-05-17,260.446533203125
2019-05-20,258.72430419921875
2019-05-21,261.05694580078125
2019-05-22,260.255126953125
2019-05-23,257.0751953125
2019-05-24,257.6582946777344
2019-05-28,255.26194763183594
2019-05-29,253.5489501953125
2019-05-30,254.2414093017578
2019-05-31,250.81541442871094
2019-06-03,250.1776885986328
2019-06-04,255.608154296875
2019-06-05,257.8222961425781
2019-06-06,259.49884033203125
2019-06-07,262.0956726074219
2019-06-10,263.2984619140625
2019-06-11,263.2345886230469
2019-06-12,262.77001953125
2019-06-13,263.854248046875
2019-06-14,263.5626525878906
2019-06-17,263.662841796875
2019-06-18,266.42364501953125
2019-06-19,267.0250244140625
2019-06-20,269.57623291015625
2019-06-21,269.1843566894531
2019-06-24,268.8548278808594
2019-06-25,266.2179260253906
2019-06-26,265.9523620605469
2019-06-27,266.8954162597656
2019-06-28,268.2687683105469
2019-07-01,270.7043151855469
2019-07-02,271.4093933105469
2019-07-03,273.5792541503906
2019-07-05,273.26788330078125
2019-07-08,271.7663879394531
2019-07-09,272.1051025390625
2019-07-10,273.4053955078125
2019-07-11,274.04620361328125
2019-07-12,275.2731018066406
2019-07-15,275.36468505859375
2019-07-16,274.4765930175781
2019-07-17,272.60870361328125
2019-07-18,273.606689453125
2019-07-19,272.0868225097656
2019-07-22,272.7552185058594
2019-07-23,274.7054138183594
2019-07-24,275.9964599609375
2019-07-25,274.6780700683594
2019-07-26,276.5184326171875
2019-07-29,276.0146789550781
2019-07-30,275.33721923828125
2019-07-31,272.3248291015625
2019-08-01,269.95355224609375
2019-08-02,267.9209289550781
2019-08-05,259.86370849609375
2019-08-06,263.5077819824219
2019-08-07,263.6634521484375
2019-08-08,268.83648681640625
2019-08-09,267.0052795410156
2019-08-12,263.7549743652344
2019-08-13,267.8568420410156
2019-08-14,259.9368896484375
2019-08-15,260.6236267089844
2019-08-16,264.4691162109375
2019-08-19,267.6552734375
2019-08-20,265.60443115234375
2019-08-21,267.76519775390625
2019-08-22,267.6827392578125
2019-08-23,260.8067932128906
2019-08-26,263.6908874511719
2019-08-27,262.65631103515625
2019-08-28,264.50579833984375
2019-08-29,267.8842468261719
2019-08-30,267.76519775390625
2019-09-03,266.1996154785156
2019-09-04,269.22113037109375
2019-09-05,272.6820068359375
2019-09-06,272.892578125
2019-09-09,273.02996826171875
2019-09-10,272.9657897949219
2019-09-11,274.9068908691406
2019-09-12,275.8590087890625
2019-09-13,275.67596435546875
2019-09-16,274.8245544433594
2019-09-17,275.5203857421875
2019-09-18,275.68505859375
2019-09-19,275.6669006347656
2019-09-20,274.3643798828125
2019-09-23,274.2999572753906
2019-09-24,272.1475524902344
2019-09-25,273.7572937011719
2019-09-26,273.1869812011719
2019-09-27,271.71527099609375
2019-09-30,272.9754333496094
2019-10-01,269.728515625
2019-10-02,264.9637756347656
2019-10-03,267.1345520019531
2019-10-04,270.7493591308594
2019-10-07,269.5813293457031
2019-10-08,265.39605712890625
2019-10-09,267.9164733886719
2019-10-10,269.728515625
2019-10-11,272.5246887207031
2019-10-14,272.2211608886719
2019-10-15,274.916259765625
2019-10-16,274.4747619628906
2019-10-17,275.2842102050781
2019-10-18,274.0793151855469
2019-10-21,275.9372863769531
2019-10-22,275.0358581542969
2019-10-23,275.83612060546875
2019-10-24,276.28680419921875
2019-10-25,277.4182434082031
2019-10-28,278.9817810058594
2019-10-29,278.89910888671875
2019-10-30,279.7545166015625
2019-10-31,279.00946044921875
2019-11-01,281.5941467285156
2019-11-04,282.7254638671875
2019-11-05,282.41278076171875
2019-11-06,282.47723388671875
2019-11-07,283.4705505371094
2019-11-08,284.1697082519531
2019-11-11,283.626953125
2019-11-12,284.2248840332031
2019-11-13,284.31683349609375
2019-11-14,284.73077392578125
2019-11-15,286.79107666015625
2019-11-18,287.0027160644531
2019-11-19,286.91986083984375
2019-11-20,285.8529357910156
2019-11-21,285.39306640625
2019-11-22,286.0276794433594
2019-11-25,288.2444763183594
2019-11-26,288.8975524902344
2019-11-27,290.185302734375
2019-11-29,289.10906982421875
2019-12-02,286.65313720703125
2019-12-03,284.73077392578125
2019-12-04,286.4875793457031
2019-12-05,287.0027160644531
2019-12-06,289.62420654296875
2019-12-09,288.7135925292969
2019-12-10,288.3915710449219
2019-12-11,289.210205078125
2019-12-12,291.7029724121094
2019-12-13,291.8777770996094
2019-12-16,293.8829345703125
2019-12-17,293.9473876953125
2019-12-18,293.9656982421875
2019-12-19,295.1707763671875
2019-12-20,296.4648132324219
2019-12-23,296.91766357421875
2019-12-24,296.9268798828125
2019-12-26,298.507568359375
2019-12-27,298.4336242675781
2019-12-30,296.788330078125
2019-12-31,297.50933837890625
2020-01-02,300.29156494140625
2020-01-03,298.0176696777344
2020-01-06,299.1546936035156
2020-01-07,298.3134765625
2020-01-08,299.9032897949219
2020-01-09,301.9368896484375
2020-01-10,301.06805419921875
2020-01-13,303.1385192871094
2020-01-14,302.6763916015625
2020-01-15,303.3603820800781
2020-01-16,305.88385009765625
2020-01-17,306.8359680175781
2020-01-21,306.235107421875
2020-01-22,306.2720947265625
2020-01-23,306.6233215332031
2020-01-24,303.8965148925781
2020-01-27,299.0252380371094
2020-01-28,302.15875244140625
2020-01-29,301.9091796875
2020-01-30,302.88897705078125
2020-01-31,297.3890686035156
2020-02-03,299.59832763671875
2020-02-04,304.16455078125
2020-02-05,307.6770935058594
2020-02-06,308.71234130859375
2020-02-07,307.0670471191406
2020-02-10,309.3594055175781
2020-02-11,309.89556884765625
2020-02-12,311.89208984375
2020-02-13,311.5593566894531
2020-02-14,312.0584411621094
2020-02-18,311.25433349609375
2020-02-19,312.7425231933594
2020-02-20,311.4576416015625
2020-02-21,308.2501525878906
2020-02-24,298.02691650390625
2020-02-25,288.9960632324219
2020-02-26,287.93316650390625
2020-02-27,275.0014953613281
2020-02-28,273.8460693359375
2020-03-02,285.7054748535156
2020-03-03,277.5249938964844
2020-03-04,289.19024658203125
2020-03-05,279.57696533203125
2020-03-06,274.955322265625
2020-03-09,253.48275756835938
2020-03-10,266.5992431640625
2020-03-11,253.60299682617188
2020-03-12,229.33892822265625
2020-03-13,248.9442596435547
2020-03-16,221.703857421875
2020-03-17,233.67410278320312
2020-03-18,221.8424835205078
2020-03-19,222.31394958496094
2020-03-20,212.73353576660156
2020-03-23,207.2942657470703
2020-03-24,226.0758056640625
2020-03-25,229.46018981933594
2020-03-26,242.8583526611328
2020-03-27,235.62464904785156
2020-03-30,243.27671813964844
2020-03-31,239.650634765625
2020-04-01,228.86514282226562
2020-04-02,234.1463165283203
2020-04-03,230.76193237304688
2020-04-06,246.26132202148438
2020-04-07,246.51231384277344
2020-04-08,254.78736877441406
2020-04-09,258.6646728515625
2020-04-13,256.30291748046875
2020-04-14,263.8620300292969
2020-04-15,258.2555236816406
2020-04-16,259.5013732910156
2020-04-17,266.5118408203125
2020-04-20,261.8165283203125
2020-04-21,253.866943359375
2020-04-22,259.5013732910156
2020-04-23,259.4827880859375
2020-04-24,263.099609375
2020-04-27,266.8930969238281
2020-04-28,265.66583251953125
2020-04-29,272.62054443359375
2020-04-30,270.08221435546875
2020-05-01,262.9322204589844
2020-05-04,263.6575012207031
2020-05-05,266.0935363769531
2020-05-06,264.2897644042969
2020-05-07,267.4789123535156
2020-05-08,271.9046936035156
2020-05-11,271.9604187011719
2020-05-12,266.5398254394531
2020-05-13,261.82586669921875
2020-05-14,264.9591369628906
2020-05-15,266.1771545410156
2020-05-18,274.2848815917969
2020-05-19,271.46759033203125
2020-05-20,276.079345703125
2020-05-21,274.17333984375
2020-05-22,274.6940002441406
2020-05-26,278.078369140625
2020-05-27,282.2158203125
2020-05-28,281.6952209472656
2020-05-29,282.95037841796875
2020-06-01,284.0940246582031
2020-06-02,286.4462890625
2020-06-03,290.2585144042969
2020-06-04,289.49603271484375
2020-06-05,296.91571044921875
2020-06-08,300.504638671875
2020-06-09,298.2639465332031
2020-06-10,296.5995178222656
2020-06-11,279.5008850097656
2020-06-12,282.84814453125
2020-06-15,285.4886779785156
2020-06-16,290.9837341308594
2020-06-17,289.7750244140625
2020-06-18,289.8866271972656
2020-06-19,288.2298278808594
2020-06-22,290.07891845703125
2020-06-23,291.4143981933594
2020-06-24,283.98077392578125
2020-06-25,287.0252380371094
2020-06-26,280.2079772949219
2020-06-29,284.3262634277344
2020-06-30,287.9684143066406
2020-07-01,289.9855651855469
2020-07-02,291.58245849609375
2020-07-06,296.083740234375
2020-07-07,293.0299377441406
2020-07-08,295.2712097167969
2020-07-09,293.5902404785156
2020-07-10,296.5880126953125
2020-07-13,294.0198974609375
2020-07-14,297.8300476074219
2020-07-15,300.5662841796875
2020-07-16,299.5764465332031
2020-07-17,300.4448547363281
2020-07-20,302.8729553222656
2020-07-21,303.51727294921875
2020-07-22,305.2449645996094
2020-07-23,301.6029357910156
2020-07-24,299.6604309082031
2020-07-27,301.8457336425781
2020-07-28,299.93133544921875
2020-07-29,303.6201171875
2020-07-30,302.5367126464844
2020-07-31,304.927490234375
2020-08-03,307.04736328125
2020-08-04,308.2334289550781
2020-08-05,310.1477966308594
2020-08-06,312.220947265625
2020-08-07,312.4452209472656
2020-08-10,313.3790588378906
2020-08-11,310.7922058105469
2020-08-12,315.1253967285156
2020-08-13,314.5556945800781
2020-08-14,314.56500244140625
2020-08-17,315.5643310546875
2020-08-18,316.24603271484375
2020-08-19,314.9292907714844
2020-08-20,315.9097900390625
2020-08-21,317.030517578125
2020-08-24,320.2429504394531
2020-08-25,321.36358642578125
2020-08-26,324.58544921875
2020-08-27,325.29522705078125
2020-08-28,327.396484375
2020-08-31,326.21038818359375
2020-09-01,329.2828063964844
2020-09-02,334.0456237792969
2020-09-03,322.5496826171875
2020-09-04,319.9161071777344
2020-09-08,311.175048828125
2020-09-09,317.3199768066406
2020-09-10,311.8101501464844
2020-09-11,311.9688720703125
2020-09-14,316.07794189453125
2020-09-15,317.6748046875
2020-09-16,316.4140319824219
2020-09-17,313.63116455078125
2020-09-18,310.0204162597656
2020-09-21,306.5700378417969
2020-09-22,309.6922607421875
2020-09-23,302.51025390625
2020-09-24,303.3165588378906
2020-09-25,308.2201843261719
2020-09-28,313.3396301269531
2020-09-29,311.6331481933594
2020-09-30,313.99591064453125
2020-10-01,316.0117492675781
2020-10-02,313.0113830566406
2020-10-05,318.56207275390625
2020-10-06,314.0334167480469
2020-10-07,319.4996032714844
2020-10-08,322.3312683105469
2020-10-09,325.2096862792969
2020-10-12,330.4414978027344
2020-10-13,328.28509521484375
2020-10-14,326.22235107421875
2020-10-15,325.81915283203125
2020-10-16,325.62225341796875
2020-10-19,320.6716613769531
2020-10-20,321.9562072753906
2020-10-21,321.3467712402344
2020-10-22,323.1094970703125
2020-10-23,324.20648193359375
2020-10-26,318.21514892578125
2020-10-27,317.1181945800781
2020-10-28,306.2793884277344
2020-10-29,309.39227294921875
2020-10-30,306.16680908203125
2020-11-02,309.5984802246094
2020-11-03,315.0647888183594
2020-11-04,322.106201171875
2020-11-05,328.3881530761719
2020-11-06,328.3131408691406
2020-11-09,332.43865966796875
2020-11-10,331.9510803222656
2020-11-11,334.4170837402344
2020-11-12,331.1728210449219
2020-11-13,335.7578125
2020-11-16,339.9489440917969
2020-11-17,338.12054443359375
2020-11-18,334.0513610839844
2020-11-19,335.4577331542969
2020-11-20,333.16058349609375
2020-11-23,335.1576843261719
2020-11-24,340.55828857421875
2020-11-25,340.0332946777344
2020-11-27,340.98028564453125
2020-11-30,339.4707946777344
2020-12-01,343.18365478515625
2020-12-02,343.9056396484375
2020-12-03,343.8117980957031
2020-12-04,346.77471923828125
2020-12-07,346.0621032714844
2020-12-08,347.07476806640625
2020-12-09,343.9619140625
2020-12-10,343.849365234375
2020-12-11,343.4461975097656
2020-12-14,341.9085693359375
2020-12-15,346.53094482421875
2020-12-16,347.07476806640625
2020-12-17,349.015625
2020-12-18,347.62200927734375
2020-12-21,346.37908935546875
2020-12-22,345.7952575683594
2020-12-23,346.10601806640625
2020-12-24,347.4525451660156
2020-12-28,350.4374084472656
2020-12-29,349.7688903808594
2020-12-30,350.26788330078125
2020-12-31,352.047607421875
2021-01-04,347.2547912597656
2021-01-05,349.64642333984375
2021-01-06,351.7367858886719
2021-01-07,356.9627380371094
2021-01-08,358.9965515136719
2021-01-11,356.5766906738281
2021-01-12,356.6519775390625
2021-01-13,357.6124572753906
2021-01-14,356.3601379394531
2021-01-15,353.76129150390625
2021-01-19,356.5390319824219
2021-01-20,361.47308349609375
2021-01-21,361.8025817871094
2021-01-22,360.5220031738281
2021-01-25,361.9438171386719
2021-01-26,361.37890625
2021-01-27,352.546630859375
2021-01-28,355.5785217285156
2021-01-29,348.4600524902344
2021-02-01,354.2603454589844
2021-02-02,359.26971435546875
2021-02-03,359.55218505859375
2021-02-04,363.63873291015625
2021-02-05,365.07000732421875
2021-02-08,367.7065124511719
2021-02-09,367.4616394042969
2021-02-10,367.30157470703125
2021-02-11,367.894775390625
2021-02-12,369.7121276855469
2021-02-16,369.3919677734375
2021-02-17,369.47674560546875
2021-02-18,367.9041748046875
2021-02-19,367.25445556640625
2021-02-22,364.4296875
2021-02-23,364.87225341796875
2021-02-24,368.8928527832031
2021-02-25,360.00408935546875
2021-02-26,358.1491394042969
2021-03-01,366.8307189941406
2021-03-02,363.9683532714844
2021-03-03,359.1472473144531
2021-03-04,354.702880859375
2021-03-05,361.2282409667969
2021-03-08,359.4296569824219
2021-03-09,364.5615234375
2021-03-10,366.8307189941406
2021-03-11,370.55010986328125
2021-03-12,371.0491638183594
2021-03-15,373.26202392578125
2021-03-16,372.7911071777344
2021-03-17,374.06231689453125
2021-03-18,368.6197814941406
2021-03-19,367.937744140625
2021-03-22,370.87579345703125
2021-03-23,367.9566650390625
2021-03-24,366.0862121582031
2021-03-25,368.1455993652344
2021-03-26,374.07830810546875
2021-03-29,373.8893127441406
2021-03-30,372.8973693847656
2021-03-31,374.4088439941406
2021-04-01,378.4521179199219
2021-04-05,383.8841247558594
2021-04-06,383.65740966796875
2021-04-07,384.1014099121094
2021-04-08,385.9245910644531
2021-04-09,388.7303466796875
2021-04-12,388.8720703125
2021-04-13,390.02459716796875
2021-04-14,388.6925964355469
2021-04-15,392.8681640625
2021-04-16,394.1812744140625
2021-04-19,392.24462890625
2021-04-20,389.372802734375
2021-04-21,393.05706787109375
2021-04-22,389.4672546386719
2021-04-23,393.6899719238281
2021-04-26,394.5118713378906
2021-04-27,394.4268493652344
2021-04-28,394.3134765625
2021-04-29,396.82635498046875
2021-04-30,394.21905517578125
2021-05-03,395.0692443847656
2021-05-04,392.6319274902344
2021-05-05,392.7547912597656
2021-05-06,395.89111328125
2021-05-07,398.7724304199219
2021-05-10,394.8236389160156
2021-05-11,391.2999267578125
2021-05-12,382.9866943359375
2021-05-13,387.5872497558594
2021-05-14,393.53887939453125
2021-05-17,392.5374450683594
2021-05-18,389.155517578125
2021-05-19,388.13519287109375
2021-05-20,392.310791015625
2021-05-21,391.98956298828125
2021-05-24,395.985595703125
2021-05-25,395.1070556640625
2021-05-26,395.89111328125
2021-05-27,396.0989990234375
2021-05-28,396.8074951171875
2021-06-01,396.4579772949219
2021-06-02,397.0814514160156
2021-06-03,395.6076965332031
2021-06-04,399.2258605957031
2021-06-07,398.8385925292969
2021-06-08,398.923583984375
2021-06-09,398.32843017578125
2021-06-10,400.1800231933594
2021-06-11,400.84130859375
2021-06-14,401.7387390136719
2021-06-15,401.00189208984375
2021-06-16,398.76300048828125
2021-06-17,398.6307373046875
2021-06-18,393.2530212402344
2021-06-21,398.8828125
2021-06-22,401.0153503417969
2021-06-23,400.5319519042969
2021-06-24,402.9013977050781
2021-06-25,404.3325500488281
2021-06-28,405.1476745605469
2021-06-29,405.3656921386719
2021-06-30,405.706787109375
2021-07-01,407.9530944824219
2021-07-02,411.07135009765625
2021-07-06,410.3225402832031
2021-07-07,411.7726135253906
2021-07-08,408.4175109863281
2021-07-09,412.77734375
2021-07-12,414.2558898925781
2021-07-13,412.8436279296875
2021-07-14,413.4597473144531
2021-07-15,412.0475158691406
2021-07-16,408.81561279296875
2021-07-19,402.7782287597656
2021-07-20,408.5501708984375
2021-07-21,411.85791015625
2021-07-22,412.720458984375
2021-07-23,416.96649169921875
2021-07-26,417.9901123046875
2021-07-27,416.0850830078125
2021-07-28,415.91436767578125
2021-07-29,417.639404296875
2021-07-30,415.61114501953125
2021-08-02,414.7392272949219
2021-08-03,418.1133117675781
2021-08-04,416.0566101074219
2021-08-05,418.6914367675781
2021-08-06,419.38330078125
2021-08-09,419.0421142578125
2021-08-10,419.5633850097656
2021-08-11,420.60595703125
2021-08-12,421.86651611328125
2021-08-13,422.63427734375
2021-08-16,423.62945556640625
2021-08-17,420.85235595703125
2021-08-18,416.2461242675781
2021-08-19,416.89068603515625
2021-08-20,420.2078552246094
2021-08-23,423.9042663574219
2021-08-24,424.5771179199219
2021-08-25,425.4681091308594
2021-08-26,422.95648193359375
2021-08-27,426.7380676269531
2021-08-30,428.6147155761719
2021-08-31,427.9796447753906
2021-09-01,428.2071838378906
2021-09-02,429.5246276855469
2021-09-03,429.4202575683594
2021-09-07,427.8848876953125
2021-09-08,427.36358642578125
2021-09-09,425.5344543457031
2021-09-10,422.1793212890625
2021-09-13,423.2597351074219
2021-09-14,420.9756164550781
2021-09-15,424.49188232421875
2021-09-16,423.8189392089844
2021-09-17,419.6905822753906
2021-09-20,412.6925354003906
2021-09-21,412.30267333984375
2021-09-22,416.3246154785156
2021-09-23,421.3829040527344
2021-09-24,422.0770568847656
2021-09-27,420.86956787109375
2021-09-28,412.3882751464844
2021-09-29,413.08233642578125
2021-09-30,408.0335998535156
2021-10-01,412.8826599121094
2021-10-04,407.55810546875
2021-10-05,411.7987060546875
2021-10-06,413.51019287109375
2021-10-07,417.0852966308594
2021-10-08,416.3246154785156
2021-10-11,413.3105163574219
2021-10-12,412.2931213378906
2021-10-13,413.7764587402344
2021-10-14,420.7363586425781
2021-10-15,423.9406433105469
2021-10-18,425.1957702636719
2021-10-19,428.4760437011719
2021-10-20,430.1590576171875
2021-10-21,431.281005859375
2021-10-22,430.8341064453125
2021-10-25,433.14453125
2021-10-26,433.53436279296875
2021-10-27,431.6137390136719
2021-10-28,435.7783203125
2021-10-29,436.6626281738281
2021-11-01,437.4136962890625
2021-11-02,439.1822509765625
2021-11-03,441.86358642578125
2021-11-04,443.9458312988281
2021-11-05,445.4861755371094
2021-11-08,445.86651611328125
2021-11-09,444.39276123046875
2021-11-10,440.817626953125
2021-11-11,440.96026611328125
2021-11-12,444.28814697265625
2021-11-15,444.44024658203125
2021-11-16,446.1992492675781
2021-11-17,445.1153869628906
2021-11-18,446.6271057128906
2021-11-19,445.8284606933594
2021-11-22,444.5733337402344
2021-11-23,445.16290283203125
2021-11-24,446.35137939453125
2021-11-26,436.3963623046875
2021-11-29,441.74951171875
2021-11-30,433.1540832519531
2021-12-01,428.3429260253906
2021-12-02,434.9035949707031
2021-12-03,431.1193542480469
2021-12-06,436.2252197265625
2021-12-07,445.24847412109375
2021-12-08,446.4274597167969
2021-12-09,443.41339111328125
2021-12-10,447.5874328613281
2021-12-13,443.6225891113281
2021-12-14,440.5704345703125
2021-12-15,447.4543762207031
2021-12-16,443.5084533691406
2021-12-17,438.7882385253906
2021-12-20,434.12249755859375
2021-12-21,441.83197021484375
2021-12-22,446.2497863769531
2021-12-23,449.0263977050781
2021-12-27,455.3810729980469
2021-12-28,455.0089111328125
2021-12-29,455.591064453125
2021-12-30,454.3314514160156
2021-12-31,453.1864929199219
2022-01-03,455.81036376953125
2022-01-04,455.65771484375
2022-01-05,446.9081726074219
2022-01-06,446.48828125
2022-01-07,444.7231140136719
2022-01-10,444.169677734375
2022-01-11,448.21533203125
2022-01-12,449.4271240234375
2022-01-13,443.23468017578125
2022-01-14,443.4158935546875
2022-01-18,435.5632019042969
2022-01-19,431.04046630859375
2022-01-20,426.269775390625
2022-01-21,417.9017639160156
2022-01-24,419.6764831542969
2022-01-25,414.5526428222656
2022-01-26,413.51263427734375
2022-01-27,411.4707336425781
2022-01-28,421.6897888183594
2022-01-31,429.28485107421875
2022-02-01,432.18548583984375
2022-02-02,436.3837585449219
2022-02-03,426.1266174316406
2022-02-04,428.1303405761719
2022-02-07,426.75634765625
2022-02-08,430.2676086425781
2022-02-09,436.5650939941406
2022-02-10,428.721923828125
2022-02-11,420.26806640625
2022-02-14,418.8940734863281
2022-02-15,425.6495361328125
2022-02-16,426.1266174316406
2022-02-17,417.02392578125
2022-02-18,414.3236999511719
2022-02-22,409.87725830078125
2022-02-23,402.60662841796875
2022-02-24,408.66552734375
2022-02-25,417.68231201171875
2022-02-28,416.6136474609375
2022-03-01,410.2685241699219
2022-03-02,417.81591796875
2022-03-03,415.73583984375
2022-03-04,412.3580627441406
2022-03-07,400.2021789550781
2022-03-08,397.1678771972656
2022-03-09,407.8163146972656
2022-03-10,405.97479248046875
2022-03-11,400.8128356933594
2022-03-14,397.88360595703125
2022-03-15,406.6331787109375
2022-03-16,415.64996337890625
2022-03-17,420.85009765625
2022-03-18,425.4595947265625
2022-03-21,425.33514404296875
2022-03-22,430.3122253417969
2022-03-23,424.7704772949219
2022-03-24,431.173583984375
2022-03-25,433.2793273925781
2022-03-28,436.3612060546875
2022-03-29,441.7593688964844
2022-03-30,439.03167724609375
2022-03-31,432.27435302734375
2022-04-01,433.4994201660156
2022-04-04,437.21307373046875
2022-04-05,431.69049072265625
2022-04-06,427.3738098144531
2022-04-07,429.5273742675781
2022-04-08,428.37884521484375
2022-04-11,421.056884765625
2022-04-12,419.4967041015625
2022-04-13,424.30145263671875
2022-04-14,419.0181579589844
2022-04-18,419.1904602050781
2022-04-19,425.957275390625
2022-04-20,425.6414489746094
2022-04-21,419.2766418457031
2022-04-22,407.7720031738281
2022-04-25,410.1360778808594
2022-04-26,398.25823974609375
2022-04-27,399.3780822753906
2022-04-28,409.46612548828125
2022-04-29,394.3340148925781
2022-05-02,396.7077331542969
2022-05-03,398.5262145996094
2022-05-04,410.6624450683594
2022-05-05,396.06634521484375
2022-05-06,393.7023010253906
2022-05-09,381.0970458984375
2022-05-10,381.97760009765625
2022-05-11,375.9093933105469
2022-05-12,375.5169677734375
2022-05-13,384.4947814941406
2022-05-16,382.93475341796875
2022-05-17,390.81182861328125
2022-05-18,375.0575256347656
2022-05-19,372.76043701171875
2022-05-20,372.9232177734375
2022-05-23,379.9006652832031
2022-05-24,377.0005187988281
2022-05-25,380.331298828125
2022-05-26,387.9308166503906
2022-05-27,397.4542236328125
2022-05-31,395.2241516113281
2022-06-01,392.0273742675781
2022-06-02,399.492919921875
2022-06-03,392.9366760253906
2022-06-06,394.1330261230469
2022-06-07,397.91363525390625
2022-06-08,393.5874328613281
2022-06-09,384.226806640625
2022-06-10,373.0859069824219
2022-06-13,358.9205627441406
2022-06-14,357.83892822265625
2022-06-15,362.94049072265625
2022-06-16,350.9285583496094
2022-06-17,351.6850280761719
2022-06-21,360.5382385253906
2022-06-22,359.8846435546875
2022-06-23,363.4124450683594
2022-06-24,374.9667053222656
2022-06-27,373.534423828125
2022-06-28,365.9020080566406
2022-06-29,365.60400390625
2022-06-30,362.63385009765625
2022-07-01,366.4692077636719
2022-07-05,367.1612854003906
2022-07-06,368.4013366699219
2022-07-07,373.91888427734375
2022-07-08,373.6113586425781
2022-07-11,369.3433532714844
2022-07-12,366.0750427246094
2022-07-13,364.15252685546875
2022-07-14,363.2682189941406
2022-07-15,370.2085266113281
2022-07-18,367.1517028808594
2022-07-19,377.0718078613281
2022-07-20,379.4750061035156
2022-07-21,383.3392333984375
2022-07-22,379.7825927734375
2022-07-25,380.2440185546875
2022-07-26,375.7453308105469
2022-07-27,385.5020751953125
2022-07-28,390.3371276855469
2022-07-29,396.02783203125
2022-08-01,394.8550720214844
2022-08-02,392.25006103515625
2022-08-03,398.3924865722656
2022-08-04,398.1233825683594
2022-08-05,397.450439453125
2022-08-08,396.98907470703125
2022-08-09,395.41259765625
2022-08-10,403.7178649902344
2022-08-11,403.7178649902344
2022-08-12,410.5523986816406
2022-08-15,412.24420166015625
2022-08-16,413.05169677734375
2022-08-17,410.11981201171875
2022-08-18,411.3117980957031
2022-08-19,405.7845153808594
2022-08-22,397.33514404296875
2022-08-23,396.37384033203125
2022-08-24,397.6427001953125
2022-08-25,403.2564392089844
2022-08-26,389.6065979003906
2022-08-29,387.0304870605469
2022-08-30,382.7816467285156
2022-08-31,379.8691101074219
2022-09-01,381.0610656738281
2022-09-02,377.0429992675781
2022-09-06,375.620361328125
2022-09-07,382.36834716796875
2022-09-08,384.86761474609375
2022-09-09,390.84661865234375
2022-09-12,395.04736328125
2022-09-13,377.86968994140625
2022-09-14,379.3116149902344
2022-09-15,375.005126953125
2022-09-16,372.14422607421875
2022-09-19,375.0302429199219
2022-09-20,370.7254333496094
2022-09-21,364.258544921875
2022-09-22,361.1988525390625
2022-09-23,355.14703369140625
2022-09-26,351.6336975097656
2022-09-27,350.7359924316406
2022-09-28,357.63720703125
2022-09-29,350.16656494140625
2022-09-30,344.7517395019531
2022-10-03,353.8536376953125
2022-10-04,364.818359375
2022-10-05,363.968994140625
2022-10-06,360.21435546875
2022-10-07,350.16656494140625
2022-10-10,347.4929504394531
2022-10-11,345.2922668457031
2022-10-12,344.1533508300781
2022-10-13,353.2359313964844
2022-10-14,345.18609619140625
2022-10-17,354.0563049316406
2022-10-18,358.21636962890625
2022-10-19,355.6778869628906
2022-10-20,352.6954650878906
2022-10-21,361.26641845703125
2022-10-24,365.6871032714844
2022-10-25,371.52655029296875
2022-10-26,368.7274169921875
2022-10-27,366.7584533691406
2022-10-28,375.4838562011719
2022-10-31,372.7716064453125
2022-11-01,371.1405029296875
2022-11-02,361.8262023925781
2022-11-03,358.1005554199219
2022-11-04,363.2547607421875
2022-11-07,366.7294921875
2022-11-08,368.7081298828125
2022-11-09,361.11199951171875
2022-11-10,380.95660400390625
2022-11-11,384.6436462402344
2022-11-14,381.3716125488281
2022-11-15,384.6242980957031
2022-11-16,381.6901550292969
2022-11-17,380.522216796875
2022-11-18,382.2499694824219
2022-11-21,380.8600769042969
2022-11-22,385.98529052734375
2022-11-23,388.4176025390625
2022-11-25,388.3306579589844
2022-11-28,382.1341247558594
2022-11-29,381.4778137207031
2022-11-30,393.49456787109375
2022-12-01,393.2049865722656
2022-12-02,392.7513732910156
2022-12-05,385.68609619140625
2022-12-06,380.12652587890625
2022-12-07,379.4798278808594
2022-12-08,382.45263671875
2022-12-09,379.5956726074219
2022-12-12,385.06842041015625
2022-12-13,387.9832763671875
2022-12-14,385.5027160644531
2022-12-15,376.0726623535156
2022-12-16,371.6326904296875
2022-12-19,368.4813232421875
2022-12-20,368.985595703125
2022-12-21,374.5028076171875
2022-12-22,369.16009521484375
2022-12-23,371.28363037109375
2022-12-27,369.81939697265625
2022-12-28,365.223388671875
2022-12-29,371.79754638671875
2022-12-30,370.81817626953125
2023-01-03,369.25714111328125
2023-01-04,372.1077880859375
2023-01-05,367.8608093261719
2023-01-06,376.296630859375
2023-01-09,376.0832824707031
2023-01-10,378.7207336425781
2023-01-11,383.5107116699219
2023-01-12,384.9070129394531
2023-01-13,386.4002380371094
2023-01-17,385.6923828125
2023-01-18,379.6031494140625
2023-01-19,376.8396301269531
2023-01-20,383.85980224609375
2023-01-23,388.4656066894531
2023-01-24,388.0486755371094
2023-01-25,388.1940612792969
2023-01-26,392.46044921875
2023-01-27,393.36224365234375
2023-01-30,388.4267883300781
2023-01-31,394.1379699707031
2023-02-01,398.3268127441406
2023-02-02,404.1252136230469
2023-02-03,399.8297424316406
2023-02-06,397.38623046875
2023-02-07,402.58349609375
2023-02-08,398.1813659667969
2023-02-09,394.7294616699219
2023-02-10,395.6506042480469
2023-02-13,400.29510498046875
2023-02-14,400.11090087890625
2023-02-15,401.4102783203125
2023-02-16,395.8833312988281
2023-02-17,394.8942565917969
2023-02-21,386.97235107421875
2023-02-22,386.4390563964844
2023-02-23,388.4947204589844
2023-02-24,384.3446044921875
2023-02-27,385.6536560058594
2023-02-28,384.2282409667969
2023-03-01,382.75439453125
2023-03-02,385.7311706542969
2023-03-03,391.9174499511719
2023-03-06,392.1889953613281
2023-03-07,386.1772766113281
2023-03-08,386.8075256347656
2023-03-09,379.6709899902344
2023-03-10,374.1925964355469
2023-03-13,373.6592102050781
2023-03-14,379.8358154296875
2023-03-15,377.4601745605469
2023-03-16,384.0827331542969
2023-03-17,379.59185791015625
2023-03-20,383.24188232421875
2023-03-21,388.2740173339844
2023-03-22,381.65533447265625
2023-03-23,382.68707275390625
2023-03-24,385.1982727050781
2023-03-27,385.91851806640625
2023-03-28,385.05230712890625
2023-03-29,390.6489562988281
2023-03-30,392.93634033203125
2023-03-31,398.4746398925781
2023-04-03,399.9930114746094
2023-04-04,397.7738037109375
2023-04-05,396.7322998046875
2023-04-06,398.2799987792969
2023-04-10,398.688720703125
2023-04-11,398.79583740234375
2023-04-12,397.1703186035156
2023-04-13,402.44580078125
2023-04-14,401.4627380371094
2023-04-17,402.9032897949219
2023-04-18,403.16607666015625
2023-04-19,403.0979919433594
2023-04-20,400.898193359375
2023-04-21,401.2096862792969
2023-04-24,401.628173828125
2023-04-25,395.2528381347656
2023-04-26,393.5787048339844
2023-04-27,401.4140930175781
2023-04-28,404.8402404785156
2023-05-01,404.4314270019531
2023-05-02,399.8858947753906
2023-05-03,397.1410827636719
2023-05-04,394.3282165527344
2023-05-05,401.628173828125
2023-05-08,401.73529052734375
2023-05-09,399.9735107421875
2023-05-10,401.8423156738281
2023-05-11,401.14154052734375
2023-05-12,400.6159362792969
2023-05-15,401.99810791015625
2023-05-16,399.3116455078125
2023-05-17,404.1589050292969
2023-05-18,408.0522766113281
2023-05-19,407.4584655761719
2023-05-22,407.62396240234375
2023-05-23,403.04925537109375
2023-05-24,400.12921142578125
2023-05-25,403.5943603515625
2023-05-26,408.8211669921875
2023-05-30,408.97686767578125
2023-05-31,406.7090148925781
2023-06-01,410.57318115234375
2023-06-02,416.5105285644531
2023-06-05,415.7124328613281
2023-06-06,416.61761474609375
2023-06-07,415.1770935058594
2023-06-08,417.68829345703125
2023-06-09,418.437744140625
2023-06-12,422.2337646484375
2023-06-13,425.0175476074219
2023-06-14,425.52362060546875
2023-06-15,430.79913330078125
2023-06-16,429.33172607421875
2023-06-20,427.1042785644531
2023-06-21,424.9158935546875
2023-06-22,426.44976806640625
2023-06-23,423.2257995605469
2023-06-26,421.49658203125
2023-06-27,426.1175842285156
2023-06-28,426.33251953125
2023-06-29,428.0128479003906
2023-06-30,433.063720703125
2023-07-03,433.5619201660156
2023-07-05,432.91717529296875
2023-07-06,429.52716064453125
2023-07-07,428.4427185058594
2023-07-10,429.52716064453125
2023-07-11,432.2625732421875
2023-07-12,435.74053955078125
2023-07-13,439.1990051269531
2023-07-14,438.9254150390625
2023-07-17,440.449462890625
2023-07-18,443.7222595214844
2023-07-19,444.70904541015625
2023-07-20,441.7585754394531
2023-07-21,441.7585754394531
2023-07-24,443.7320556640625
2023-07-25,444.9434814453125
2023-07-26,445.0118408203125
2023-07-27,442.0614013671875
2023-07-28,446.38934326171875
2023-07-31,447.23931884765625
2023-08-01,445.95947265625
2023-08-02,439.7558288574219
2023-08-03,438.49554443359375
2023-08-04,436.5123596191406
2023-08-07,440.3224792480469
2023-08-08,438.40765380859375
2023-08-09,435.4767761230469
2023-08-10,435.6331481933594
2023-08-11,435.37908935546875
2023-08-14,437.78240966796875
2023-08-15,432.6827392578125
2023-08-16,429.50762939453125
2023-08-17,426.2347717285156
2023-08-18,426.44000244140625
2023-08-21,429.2145080566406
2023-08-22,428.0519104003906
2023-08-23,432.8194580078125
2023-08-24,426.8209533691406
2023-08-25,429.8299865722656
2023-08-28,432.5556945800781
2023-08-29,438.8081970214844
2023-08-30,440.6155700683594
2023-08-31,439.9707946777344
2023-09-01,440.7913818359375
2023-09-05,438.8863220214844
2023-09-06,435.93597412109375
2023-09-07,434.5975341796875
2023-09-08,435.2521057128906
2023-09-11,438.1145935058594
2023-09-12,435.71124267578125
2023-09-13,436.21929931640625
2023-09-14,439.9805603027344
2023-09-15,434.67950439453125
2023-09-18,434.9344482421875
2023-09-19,434.032470703125
2023-09-20,430.0422668457031
2023-09-21,422.934326171875
2023-09-22,421.9833679199219
2023-09-25,423.7579040527344
2023-09-26,417.5323181152344
2023-09-27,417.698974609375
2023-09-28,420.12060546875
2023-09-29,419.1009826660156
2023-10-02,418.934326171875
2023-10-03,413.326416015625
2023-10-04,416.33624267578125
2023-10-05,416.1794128417969
2023-10-06,421.12060546875
2023-10-09,423.81671142578125
2023-10-10,426.0225830078125
2023-10-11,427.7677001953125
2023-10-12,425.1598205566406
2023-10-13,423.0421447753906
2023-10-16,427.49322509765625
2023-10-17,427.47357177734375
2023-10-18,421.7774658203125
2023-10-19,418.071533203125
2023-10-20,412.9342956542969
2023-10-23,412.2185363769531
2023-10-24,415.3264465332031
2023-10-25,409.3655700683594
2023-10-26,404.4635925292969
2023-10-27,402.6302490234375
2023-10-30,407.4440612792969
2023-10-31,410.00286865234375
2023-11-01,414.3754577636719
2023-11-02,422.31671142578125
2023-11-03,426.1696472167969
2023-11-06,427.1500244140625
2023-11-07,428.3656921386719
2023-11-08,428.67950439453125
2023-11-09,425.3363342285156
2023-11-10,431.97357177734375
2023-11-13,431.5618591308594
2023-11-14,439.9344787597656
2023-11-15,440.8658447265625
2023-11-16,441.405029296875
2023-11-17,441.9540710449219
2023-11-20,445.3560791015625
2023-11-21,444.38543701171875
2023-11-22,446.1011657714844
2023-11-24,446.3756408691406
2023-11-27,445.5717468261719
2023-11-28,446.0129089355469
2023-11-29,445.6991882324219
2023-11-30,447.4541015625
2023-12-01,450.10125732421875
2023-12-04,447.7384338378906
2023-12-05,447.6501770019531
2023-12-06,445.8462829589844
2023-12-07,449.24822998046875
2023-12-08,451.1796569824219
2023-12-11,452.9344787597656
2023-12-12,455.003173828125
2023-12-13,461.2777404785156
2023-12-14,462.7581787109375
2023-12-15,461.9961853027344
2023-12-18,464.594970703125
2023-12-19,467.42010498046875
2023-12-20,460.9429931640625
2023-12-21,465.3135681152344
2023-12-22,466.2487487792969
2023-12-26,468.21746826171875
2023-12-27,469.0640563964844
2023-12-28,469.2412414550781
2023-12-29,467.8827819824219
2024-01-02,465.2643127441406
2024-01-03,461.4646911621094
2024-01-04,459.978271484375
2024-01-05,460.6083068847656
2024-01-08,467.1838684082031
2024-01-09,466.4751281738281
2024-01-10,469.1132507324219
2024-01-11,468.9065856933594
2024-01-12,469.2314147949219
2024-01-16,467.5086975097656
2024-01-17,464.90997314453125
2024-01-18,469.0443420410156
2024-01-19,474.8915100097656
2024-01-22,475.89556884765625
2024-01-23,477.2835693359375
2024-01-24,477.8052978515625
2024-01-25,480.4040222167969
2024-01-26,479.7937316894531
2024-01-29,483.5933837890625
2024-01-30,483.2193298339844
2024-01-31,475.33447265625
2024-02-01,481.5557556152344
2024-02-02,486.6252746582031
2024-02-05,484.8533935546875
2024-02-06,486.2610778808594
2024-02-07,490.3166809082031
2024-02-08,490.5332336425781
2024-02-09,493.36822509765625
2024-02-12,493.15167236328125
2024-02-13,486.3594665527344
2024-02-14,490.7793273925781
2024-02-15,494.16558837890625
2024-02-16,491.7046203613281
2024-02-20,488.99761962890625
2024-02-21,489.4405517578125
2024-02-22,499.56976318359375
2024-02-23,499.9142761230469
2024-02-26,498.0833435058594
2024-02-27,499.0086364746094
2024-02-28,498.3491516113281
2024-02-29,500.1407165527344
2024-03-01,504.8361511230469
2024-03-04,504.2947692871094
2024-03-05,499.2547607421875
2024-03-06,501.7846374511719
2024-03-07,506.7655029296875
2024-03-08,503.723876953125
2024-03-11,503.29071044921875
2024-03-12,508.7048034667969
2024-03-13,507.9073791503906
2024-03-14,506.9033508300781
2024-03-15,503.4226989746094
2024-03-18,506.4145812988281
2024-03-19,509.22882080078125
2024-03-20,513.9389038085938
2024-03-21,515.6372680664062
2024-03-22,514.65966796875
2024-03-25,513.23779296875
2024-03-26,512.2898559570312
2024-03-27,516.594970703125
2024-03-28,516.4962768554688
2024-04-01,515.59765625
2024-04-02,512.3194580078125
2024-04-03,512.8822631835938
2024-04-04,506.6219787597656
2024-04-05,511.9146423339844
2024-04-08,512.2008666992188
2024-04-09,512.7933959960938
2024-04-10,507.65875244140625
2024-04-11,511.489990234375
2024-04-12,504.4298400878906
2024-04-15,498.1103210449219
2024-04-16,497.2018737792969
2024-04-17,494.2593078613281
2024-04-18,493.2422180175781
2024-04-19,488.9370422363281
2024-04-22,493.4397277832031
2024-04-23,499.2951965332031
2024-04-24,499.0582275390625
2024-04-25,497.162353515625
2024-04-26,501.8724365234375
2024-04-29,503.6498107910156
2024-04-30,495.6713562011719
2024-05-01,494.0618591308594
2024-05-02,498.6829833984375
2024-05-03,504.8643798828125
2024-05-06,510.0780334472656
2024-05-07,510.6408386230469
2024-05-08,510.690185546875
2024-05-09,513.6327514648438
2024-05-10,514.2943725585938
2024-05-13,514.3634033203125
2024-05-14,516.723388671875
2024-05-15,523.1219482421875
2024-05-16,522.045654296875
2024-05-17,522.7960815429688
2024-05-20,523.3984375
2024-05-21,524.6820068359375
2024-05-22,523.17138671875
2024-05-23,519.3499755859375
2024-05-24,522.7862548828125
2024-05-28,523.151611328125
2024-05-29,519.4882202148438
2024-05-30,516.0419921875
2024-05-31,520.7422485351562
2024-06-03,521.1668090820312
2024-06-04,521.7493896484375
2024-06-05,527.9505004882812
2024-06-06,527.9406127929688
2024-06-07,527.298828125
2024-06-10,528.927978515625
2024-06-11,530.2018432617188
2024-06-12,534.5564575195312
2024-06-13,535.6327514648438
2024-06-14,535.9586791992188
2024-06-17,540.2242431640625
2024-06-18,541.5968627929688
2024-06-20,540.1255493164062
2024-06-21,539.4014282226562
2024-06-24,537.64794921875
2024-06-25,539.7184448242188
2024-06-26,540.3920288085938
2024-06-27,541.2439575195312
2024-06-28,539.1141357421875
2024-07-01,540.2236328125
2024-07-02,543.8591918945312
2024-07-03,546.2862548828125
2024-07-05,549.4363403320312
2024-07-08,550.0703735351562
2024-07-09,550.6052856445312
2024-07-10,556.0537719726562
2024-07-11,551.2590942382812
2024-07-12,554.7361450195312
2024-07-15,556.2617797851562
2024-07-16,559.5604248046875
2024-07-17,551.7147827148438
2024-07-18,547.4749145507812
2024-07-19,543.83935546875
2024-07-22,549.4463500976562
2024-07-23,548.5844116210938
2024-07-24,536.1521606445312
2024-07-25,533.3585815429688
2024-07-26,539.3320922851562
2024-07-29,539.6490478515625
2024-07-30,536.9149169921875
2024-07-31,545.642333984375
2024-08-01,537.91552734375
2024-08-02,527.9003295898438
2024-08-05,512.5259399414062
2024-08-06,517.251220703125
2024-08-07,513.7939453125
2024-08-08,525.6714477539062
2024-08-09,527.989501953125
2024-08-12,528.2669067382812
2024-08-13,536.9545288085938
2024-08-14,538.6485595703125
2024-08-15,547.881103515625
2024-08-16,549.1094360351562
2024-08-19,554.3597412109375
2024-08-20,553.4583129882812
2024-08-21,555.3602905273438
2024-08-22,551.0015258789062
2024-08-23,556.8560791015625
2024-08-26,555.5286254882812
2024-08-27,556.2914428710938
2024-08-28,553.0620727539062
2024-08-29,553.1115112304688
2024-08-30,558.3915405273438
2024-09-03,546.9003295898438
2024-09-04,545.781005859375
2024-09-05,544.4534912109375
2024-09-06,535.2903442382812
2024-09-09,541.2835693359375
2024-09-10,543.6412353515625
2024-09-11,549.2183837890625
2024-09-12,553.8446044921875
2024-09-13,556.7372436523438
2024-09-16,557.5594482421875
2024-09-17,557.7872924804688
2024-09-18,556.1329956054688
2024-09-19,565.6231079101562
2024-09-20,564.6453247070312
2024-09-23,566.0562744140625
2024-09-24,567.6759643554688
2024-09-25,566.4239501953125
2024-09-26,568.6696166992188
2024-09-27,567.8448486328125
2024-09-30,570.120361328125
2024-10-01,565.0130004882812
2024-10-02,565.2514038085938
2024-10-03,564.218017578125
2024-10-04,569.3453369140625
2024-10-07,564.1981201171875
2024-10-08,569.5340576171875
2024-10-09,573.4789428710938
2024-10-10,572.475341796875
2024-10-11,575.9034423828125
2024-10-14,580.6133422851562
2024-10-15,576.1021728515625
2024-10-16,578.606201171875
2024-10-17,578.6558227539062
2024-10-18,580.8816528320312
2024-10-21,579.927734375
2024-10-22,579.6196899414062
2024-10-23,574.323486328125
2024-10-24,575.5656127929688
2024-10-25,575.3668823242188
2024-10-28,577.1455078125
2024-10-29,578.07958984375
2024-10-30,576.3306884765625
2024-10-31,565.0328369140625
2024-11-01,567.4176025390625
2024-11-04,566.1953735351562
2024-11-05,573.041748046875
2024-11-06,587.2907104492188
2024-11-07,591.831787109375
2024-11-08,594.3953857421875
2024-11-11,594.9617919921875
2024-11-12,593.1135864257812
2024-11-13,593.4017333984375
2024-11-14,589.5860595703125
2024-11-15,582.0343017578125
2024-11-18,584.4190673828125
2024-11-19,586.555419921875
2024-11-20,586.7542114257812
2024-11-21,589.904052734375
2024-11-22,591.7323608398438
2024-11-25,593.7395629882812
2024-11-26,596.8397827148438
2024-11-27,595.0313110351562
2024-11-29,598.7276611328125
2024-12-02,599.8008422851562
2024-12-03,600.0791015625
2024-12-04,603.8052368164062
2024-12-05,602.8116455078125
2024-12-06,603.954345703125
2024-12-09,600.84423828125
2024-12-10,598.9761352539062
2024-12-11,603.6065673828125
2024-12-12,600.4964599609375
2024-12-13,600.377197265625
2024-12-16,602.9407958984375
2024-12-17,600.4566650390625
2024-12-18,582.5609741210938
2024-12-19,582.382080078125
2024-12-20,589.3770751953125
2024-12-23,592.9064331054688
2024-12-24,599.49658203125
2024-12-26,599.5364990234375
2024-12-27,593.2254638671875
2024-12-30,586.455810546875
2024-12-31,584.322265625
2025-01-02,582.8865966796875
2025-01-03,590.1746215820312
2025-01-06,593.5744018554688
2025-01-07,586.8646240234375
2025-01-08,587.7219848632812
2025-01-10,578.7489624023438
2025-01-13,579.6463012695312
2025-01-14,580.4439086914062
2025-01-15,591.002197265625
2025-01-16,589.8656005859375
2025-01-17,595.7877807617188
2025-01-21,601.2413330078125
2025-01-22,604.6211547851562
2025-01-23,607.9212646484375
2025-01-24,606.1465454101562
2025-01-27,597.5723876953125
2025-01-28,602.7069702148438
2025-01-29,600.0050659179688
2025-01-30,603.225341796875
2025-01-31,600.0150146484375
2025-02-03,595.9771728515625
2025-02-04,599.9751586914062
2025-02-05,602.4077758789062
2025-02-06,604.5015258789062
2025-02-07,598.9682006835938
2025-02-10,603.035888671875
2025-02-11,603.4945678710938
2025-02-12,601.5504150390625
2025-02-13,607.9013061523438
2025-02-14,607.8713989257812
2025-02-18,609.656005859375
2025-02-19,611.0916748046875
2025-02-20,608.5493774414062
2025-02-21,598.1406860351562
2025-02-24,595.4188842773438
2025-02-25,592.457763671875
2025-02-26,592.7568359375
2025-02-27,583.2952880859375
2025-02-28,592.39794921875
2025-03-03,582.0191650390625
2025-03-04,575.1298828125
2025-03-05,581.311279296875
2025-03-06,570.9923706054688
2025-03-07,574.1926879882812
